Date,Adj Close,AdjClose_dailyChange,Close_dailyChange
2021-06-01 00:00:00+00:00,288.8194274902344,,
2021-06-02 00:00:00+00:00,287.5068664550781,-0.004544573218505638,-0.009737240669084712
2021-06-03 00:00:00+00:00,285.8546447753906,-0.005746720765521798,-0.0057466342541023065
2021-06-04 00:00:00+00:00,285.4691162109375,-0.0013486874238340708,-0.0013485628232136246
2021-06-07 00:00:00+00:00,284.50531005859375,-0.0033762186436713487,-0.0033761560000533796
2021-06-08 00:00:00+00:00,285.3681945800781,0.003032929407562426,0.0030326573342369014
2021-06-09 00:00:00+00:00,282.10052490234375,-0.01145071433956675,-0.011450619583411982
2021-06-10 00:00:00+00:00,282.9908752441406,0.0031561456403000044,0.0031561177596836514
2021-06-11 00:00:00+00:00,285.2488098144531,0.007978824647135865,0.007978954541072279
2021-06-14 00:00:00+00:00,283.9179382324219,-0.004665651656520309,-0.004665771280087587
2021-06-15 00:00:00+00:00,281.2835998535156,-0.00927852038975332,-0.00927840116782122
2021-06-16 00:00:00+00:00,277.91497802734375,-0.011975891335030396,-0.011975895844490913
2021-06-17 00:00:00+00:00,278.2270202636719,0.0011227974776423296,0.0011229154477223442
2021-06-18 00:00:00+00:00,277.7589111328125,-0.0016824718548750387,-0.0016825342235434783
2021-06-21 00:00:00+00:00,282.33917236328125,0.016490060433303845,0.01648994082649282
2021-06-22 00:00:00+00:00,287.02947998046875,0.01661231623627683,0.01661243579378491
2021-06-23 00:00:00+00:00,286.074951171875,-0.0033255427583908873,-0.0033256949114564716
2021-06-24 00:00:00+00:00,286.23101806640625,0.0005455454729326664,0.0005453938551443712
2021-06-25 00:00:00+00:00,287.8739929199219,0.005740030778685387,0.005740150609103817
2021-06-28 00:00:00+00:00,288.4705810546875,0.0020723933020638597,0.0020724863258132606
2021-06-29 00:00:00+00:00,292.1053771972656,0.01260023163987405,0.012600201955133101
2021-06-30 00:00:00+00:00,292.7020568847656,0.002042686420993367,0.002042560438692117
2021-07-01 00:00:00+00:00,295.1343688964844,0.008309856232668467,0.00831005605304349
2021-07-02 00:00:00+00:00,296.1991271972656,0.0036077069057135263,0.0036076495343729913
2021-07-06 00:00:00+00:00,293.0415954589844,-0.010660165572258306,-0.010660062941675019
2021-07-07 00:00:00+00:00,296.91510009765625,0.013218275830790823,0.01321807019864815
2021-07-08 00:00:00+00:00,292.3807067871094,-0.015271683080636518,-0.01527143030057285
2021-07-09 00:00:00+00:00,295.63922119140625,0.011144765467269668,0.011144558604066577
2021-07-12 00:00:00+00:00,295.3180236816406,-0.001086450940004579,-0.0010866717609833768
2021-07-13 00:00:00+00:00,291.01312255859375,-0.014577170297223897,-0.014576995660346004
2021-07-14 00:00:00+00:00,293.0049133300781,0.006844333183234168,0.006844388933240954
2021-07-15 00:00:00+00:00,296.20831298828125,0.010932921300860259,0.010932868307215128
2021-07-16 00:00:00+00:00,295.1343688964844,-0.0036256379200247596,-0.003625493294709823
2021-07-19 00:00:00+00:00,292.68365478515625,-0.008303723217636134,-0.008303829560175406
2021-07-20 00:00:00+00:00,298.6314697265625,0.020321650506148797,0.02032179598443141
2021-07-21 00:00:00+00:00,299.5585021972656,0.0031042691902228143,0.00310428532073097
2021-07-22 00:00:00+00:00,299.8338928222656,0.000919321678336639,0.0009192864444569955
2021-07-23 00:00:00+00:00,305.50634765625,0.018918657862828304,0.018918730810318952
2021-07-26 00:00:00+00:00,303.98272705078125,-0.004987197867270173,-0.004987392381846387
2021-07-27 00:00:00+00:00,300.3846435546875,-0.011836473509538188,-0.011836412213445021
2021-07-28 00:00:00+00:00,298.7875061035156,-0.005316974370832319,-0.005316936686518106
2021-07-29 00:00:00+00:00,300.54071044921875,0.005867729774134944,0.005867546468948654
2021-07-30 00:00:00+00:00,301.23828125,0.0023210526112704987,0.002321136678451922
2021-08-02 00:00:00+00:00,300.3479309082031,-0.0029556347822140383,-0.0029556086824317727
2021-08-03 00:00:00+00:00,304.68035888671875,0.014424697268315016,0.014424549853600121
2021-08-04 00:00:00+00:00,303.18414306640625,-0.004910772147504259,-0.004910540672482603
2021-08-05 00:00:00+00:00,305.75421142578125,0.00847692208893682,0.008476848456492934
2021-08-06 00:00:00+00:00,302.75274658203125,-0.00981659362843666,-0.009816544557260108
2021-08-09 00:00:00+00:00,301.7615051269531,-0.003274095664759054,-0.0032742741458172903
2021-08-10 00:00:00+00:00,304.258056640625,0.008273260410142634,0.008273516060065305
2021-08-11 00:00:00+00:00,309.3247985839844,0.016652778234707413,0.016652554696275627
2021-08-12 00:00:00+00:00,306.5895080566406,-0.008842778011544053,-0.008842762570706602
2021-08-13 00:00:00+00:00,304.1112365722656,-0.008083353863228594,-0.008083293749652243
2021-08-16 00:00:00+00:00,307.5348815917969,0.011257870830819146,0.011257939111114305
2021-08-17 00:00:00+00:00,294.4092712402344,-0.04268007025292382,-0.04268016210704916
2021-08-18 00:00:00+00:00,295.1435241699219,0.0024939871173022894,0.002494116268024162
2021-08-19 00:00:00+00:00,296.3827209472656,0.004198624316182902,0.004198433073444344
2021-08-20 00:00:00+00:00,302.2019958496094,0.01963432579249164,0.019634550813658756
2021-08-23 00:00:00+00:00,300.8252258300781,-0.004555793933989763,-0.004555947164657003
2021-08-24 00:00:00+00:00,298.21844482421875,-0.008665433554205397,-0.008665394588739913
2021-08-25 00:00:00+00:00,297.2822570800781,-0.0031392684134358274,-0.003139393760643933
2021-08-26 00:00:00+00:00,295.0793151855469,-0.007410270347677861,-0.007410132951408192
2021-08-27 00:00:00+00:00,296.8232727050781,0.005910131377506565,0.005910146296981363
2021-08-30 00:00:00+00:00,300.2377624511719,0.011503443496785264,0.011503497942153818
2021-08-31 00:00:00+00:00,299.3933410644531,-0.002812508925675462,-0.002812636534904934
2021-09-01 00:00:00+00:00,298.572265625,-0.002742463932343654,-0.007787044222140429
2021-09-02 00:00:00+00:00,302.354736328125,0.01266852664699841,0.01266832097505374
2021-09-03 00:00:00+00:00,304.7532958984375,0.007932932023626403,0.00793313657468622
2021-09-07 00:00:00+00:00,303.4709777832031,-0.004207725174731899,-0.004207737925375587
2021-09-08 00:00:00+00:00,305.8972473144531,0.007995062819428172,0.007995057813158396
2021-09-09 00:00:00+00:00,306.072509765625,0.0005729454995445268,0.0005730214400766925
2021-09-10 00:00:00+00:00,306.2386474609375,0.0005428050217241657,0.0005426144597785077
2021-09-13 00:00:00+00:00,309.4675598144531,0.010543778129530472,0.010543756202114892
2021-09-14 00:00:00+00:00,307.3179626464844,-0.0069461147050682145,-0.006945944269054677
2021-09-15 00:00:00+00:00,307.5486145019531,0.0007505316431310416,0.0007504803183971382
2021-09-16 00:00:00+00:00,310.3346862792969,0.00905896383846677,0.00905906222960585
2021-09-17 00:00:00+00:00,309.67047119140625,-0.0021403185568913195,-0.002140376317220953
2021-09-20 00:00:00+00:00,305.5559387207031,-0.01328680921649758,-0.013286924045172233
2021-09-21 00:00:00+00:00,308.3327331542969,0.009087679477674662,0.009087919577550686
2021-09-22 00:00:00+00:00,309.9103088378906,0.005116471635868432,0.005116364816086896
2021-09-23 00:00:00+00:00,309.8918762207031,-5.947726378196029e-05,-5.950350998032841e-05
2021-09-24 00:00:00+00:00,311.3494873046875,0.004703611794412685,0.00470360083070026
2021-09-27 00:00:00+00:00,314.9659118652344,0.011615322035227351,0.011615199090829517
2021-09-28 00:00:00+00:00,307.9453125,-0.0222900291769933,-0.022289961593135375
2021-09-29 00:00:00+00:00,310.8327941894531,0.009376605430398052,0.009376887349540015
2021-09-30 00:00:00+00:00,302.83441162109375,-0.02573210651474679,-0.025732297802585784
2021-10-01 00:00:00+00:00,304.3104553222656,0.004874095031903772,0.00487411057801366
2021-10-04 00:00:00+00:00,301.18304443359375,-0.010277040548475202,-0.010277039596804545
2021-10-05 00:00:00+00:00,303.9599609375,0.009220029331759137,0.009219866310442859
2021-10-06 00:00:00+00:00,304.7718200683594,0.002670941029059774,0.0026707974259199893
2021-10-07 00:00:00+00:00,311.3403015136719,0.02155212855256503,0.021552324586734183
2021-10-08 00:00:00+00:00,308.4434814453125,-0.009304352999838561,-0.00930429816942464
2021-10-11 00:00:00+00:00,310.8698425292969,0.007866468996572302,0.007866258633784769
2021-10-12 00:00:00+00:00,311.63543701171875,0.0024627492850153973,0.002463087423981145
2021-10-13 00:00:00+00:00,312.0783996582031,0.0014214129520440828,0.0014209917219485356
2021-10-14 00:00:00+00:00,317.4013671875,0.017056507387652384,0.017056843545267878
2021-10-15 00:00:00+00:00,323.268798828125,0.018485842366138594,0.018485732000571235
2021-10-18 00:00:00+00:00,327.512451171875,0.0131273180682255,0.013127496519623576
2021-10-19 00:00:00+00:00,330.26165771484375,0.008394204657355136,0.008394074495863824
2021-10-20 00:00:00+00:00,330.48309326171875,0.000670485179560847,0.0006704677742413527
2021-10-21 00:00:00+00:00,336.3780517578125,0.0178373980886985,0.017837657189205314
2021-10-22 00:00:00+00:00,337.6420593261719,0.003757699296235424,0.0037573230638303
2021-10-25 00:00:00+00:00,342.50384521484375,0.014399230647907081,0.014399354277080506
2021-10-26 00:00:00+00:00,340.6033935546875,-0.005548701676514453,-0.00554866536768724
2021-10-27 00:00:00+00:00,343.4817199707031,0.008450668638313138,0.008450690720557028
2021-10-28 00:00:00+00:00,342.789794921875,-0.0020144450449565174,-0.0020143961786799574
2021-10-29 00:00:00+00:00,342.94659423828125,0.0004574211914388701,0.0004574720962554143
2021-11-01 00:00:00+00:00,338.0940856933594,-0.01414945833096778,-0.014149619051559554
2021-11-02 00:00:00+00:00,338.84136962890625,0.002210283962863041,0.002210209381989916
2021-11-03 00:00:00+00:00,340.39117431640625,0.0045738355065596675,0.0045740222622358
2021-11-04 00:00:00+00:00,343.35260009765625,0.008700066290488615,0.008699871112714218
2021-11-05 00:00:00+00:00,339.8653259277344,-0.010156539280407445,-0.01015637286711906
2021-11-08 00:00:00+00:00,340.0406494140625,0.0005158616456372606,0.0005157503923836607
2021-11-09 00:00:00+00:00,341.9410705566406,0.005588805767348156,0.005588859109201995
2021-11-10 00:00:00+00:00,340.0314025878906,-0.005584786775222061,-0.005584803340902967
2021-11-11 00:00:00+00:00,339.1549987792969,-0.0025774202086150527,-0.002577409854202344
2021-11-12 00:00:00+00:00,343.7677307128906,0.013600660318132177,0.013600630888639853
2021-11-15 00:00:00+00:00,342.3377380371094,-0.00415976413148434,-0.004159671229466174
2021-11-16 00:00:00+00:00,361.94183349609375,0.057265364816014803,0.05726528179622451
2021-11-17 00:00:00+00:00,364.26666259765625,0.0064232119263649325,0.006423214175564483
2021-11-18 00:00:00+00:00,374.4146423339844,0.027858656249136037,0.02785868008095254
2021-11-19 00:00:00+00:00,377.03466796875,0.006997658046793257,0.006997650105162888
2021-11-22 00:00:00+00:00,377.1269226074219,0.0002446847637881443,0.0002446991678734858
2021-11-23 00:00:00+00:00,376.7394714355469,-0.001027376060017665,-0.0010274552189506847
2021-11-24 00:00:00+00:00,380.1897888183594,0.009158364451872373,0.00915833748584236
2021-11-26 00:00:00+00:00,371.50860595703125,-0.022833813838897377,-0.022833645092350276
2021-11-29 00:00:00+00:00,375.3094787597656,0.010230914551610642,0.010230928711939988
2021-11-30 00:00:00+00:00,369.5804748535156,-0.015264746110814634,-0.0152647899829251
2021-12-01 00:00:00+00:00,370.9329833984375,0.003659577918606079,-0.0004742066617770691
2021-12-02 00:00:00+00:00,377.74176025390625,0.018355814015479734,0.018355664900510733
2021-12-03 00:00:00+00:00,377.7787780761719,9.799769620584913e-05,9.811547195674957e-05
2021-12-06 00:00:00+00:00,385.08782958984375,0.019347438071807582,0.019347281076168003
2021-12-07 00:00:00+00:00,385.5324401855469,0.0011545693255917199,0.0011546318370348162
2021-12-08 00:00:00+00:00,380.96551513671875,-0.011845760752662424,-0.011845818546164198
2021-12-09 00:00:00+00:00,381.0488586425781,0.00021876916032535163,0.00021883607997720366
2021-12-10 00:00:00+00:00,384.8099060058594,0.009870249649032785,0.009870174538677027
2021-12-13 00:00:00+00:00,375.3980407714844,-0.024458479595979236,-0.02445836256955073
2021-12-14 00:00:00+00:00,372.58197021484375,-0.007501559014142134,-0.007501673330871283
2021-12-15 00:00:00+00:00,377.7787780761719,0.013948092706502851,0.01394824759148634
2021-12-16 00:00:00+00:00,370.1085510253906,-0.02030348843267923,-0.020303569870444908
2021-12-17 00:00:00+00:00,359.4090881347656,-0.028908985920433335,-0.028908937572292393
2021-12-20 00:00:00+00:00,360.7245788574219,0.0036601487443828572,0.0036599383214262764
2021-12-21 00:00:00+00:00,361.7156982421875,0.0027475792969388142,0.0027478360066517976
2021-12-22 00:00:00+00:00,366.5049743652344,0.013240443105790242,0.013240488159325095
2021-12-23 00:00:00+00:00,367.8296813964844,0.003614431246245202,0.003614378280346415
2021-12-27 00:00:00+00:00,374.332763671875,0.017679601740406965,0.01767947436014692
2021-12-28 00:00:00+00:00,376.30584716796875,0.005270934546951053,0.005271115103357916
2021-12-29 00:00:00+00:00,380.5856628417969,0.011373237237841208,0.011373135501216774
2021-12-30 00:00:00+00:00,379.751953125,-0.0021905967517841947,-0.0021906189867263687
2021-12-31 00:00:00+00:00,384.4485778808594,0.012367611850868937,0.012367681353427857
2022-01-03 00:00:00+00:00,378.5477294921875,-0.015348862574022964,-0.015349015607563118
2022-01-04 00:00:00+00:00,382.4383239746094,0.010277685425932978,0.010277950124552699
2022-01-05 00:00:00+00:00,377.25079345703125,-0.013564358466131476,-0.013564591980405591
2022-01-06 00:00:00+00:00,375.8797302246094,-0.0036343548011067038,-0.003634172734112484
2022-01-07 00:00:00+00:00,364.6244201660156,-0.029943913314687296,-0.029943868596317796
2022-01-10 00:00:00+00:00,358.9273986816406,-0.0156243552798277,-0.015624588108432655
2022-01-11 00:00:00+00:00,358.1955261230469,-0.0020390545867547496,-0.0020388634820773218
2022-01-12 00:00:00+00:00,360.7245788574219,0.0070605369133120415,0.007060233206473385
2022-01-13 00:00:00+00:00,358.4827575683594,-0.006214772766977408,-0.006214645475314422
2022-01-14 00:00:00+00:00,344.60577392578125,-0.0387103238568787,-0.038710038144211444
2022-01-18 00:00:00+00:00,339.7146911621094,-0.01419326991521994,-0.014193545105636762
2022-01-19 00:00:00+00:00,333.2023620605469,-0.019169995502063417,-0.01916993552545832
2022-01-20 00:00:00+00:00,323.8368835449219,-0.028107479363916332,-0.0281075809739459
2022-01-21 00:00:00+00:00,323.3922424316406,-0.0013730403665386387,-0.0013730204450670914
2022-01-24 00:00:00+00:00,337.0190124511719,0.04213697247982597,0.04213689830390979
2022-01-25 00:00:00+00:00,332.5446472167969,-0.013276299167315543,-0.013276123813743539
2022-01-26 00:00:00+00:00,330.9698486328125,-0.00473560045895946,-0.004735673728351397
2022-01-27 00:00:00+00:00,330.1824035644531,-0.0023792048478500204,-0.0023791035222229177
2022-01-28 00:00:00+00:00,339.5479736328125,0.02836483703327083,0.028364660878404193
2022-01-31 00:00:00+00:00,339.9554748535156,0.0012001285601656903,0.001200421321407605
2022-02-01 00:00:00+00:00,341.5488586425781,0.004687036706054161,0.004686907104504948
2022-02-02 00:00:00+00:00,346.20849609375,0.013642667317615202,0.013642524037868614
2022-02-03 00:00:00+00:00,337.9452819824219,-0.023867739251235833,-0.023867533153661264
2022-02-04 00:00:00+00:00,333.183837890625,-0.014089393596104532,-0.014089482649207879
2022-02-07 00:00:00+00:00,331.0346374511719,-0.0064504942768521915,-0.006450377394847487
2022-02-08 00:00:00+00:00,334.82342529296875,0.011445291257038706,0.011445351246771358
2022-02-09 00:00:00+00:00,337.5377502441406,0.008106735509311676,0.008106442717989515
2022-02-10 00:00:00+00:00,328.941162109375,-0.025468523531213098,-0.02546861405619382
2022-02-11 00:00:00+00:00,324.49462890625,-0.013517715978781944,-0.01351766550021662
2022-02-14 00:00:00+00:00,325.6709899902344,0.0036252097236538186,0.0036255359350593898
2022-02-15 00:00:00+00:00,327.2458801269531,0.00483583182145261,0.004835624698023024
2022-02-16 00:00:00+00:00,324.3092956542969,-0.008973633133340042,-0.008973598313144933
2022-02-17 00:00:00+00:00,322.317626953125,-0.006141263071580066,-0.00614126058720427
2022-02-18 00:00:00+00:00,321.3264465332031,-0.0030751666587134044,-0.0030752638866206284
2022-02-22 00:00:00+00:00,292.8871765136719,-0.08850584919592848,-0.08850572872145185
2022-02-23 00:00:00+00:00,285.7356872558594,-0.024417215335061523,-0.02441724671168935
2022-02-24 00:00:00+00:00,290.1729431152344,0.015529232284526295,0.015529187348933295
2022-02-25 00:00:00+00:00,293.331787109375,0.01088607352645617,0.010886233458115976
2022-02-28 00:00:00+00:00,292.57220458984375,-0.002589499511854893,-0.0025896331597177213
2022-03-01 00:00:00+00:00,296.666748046875,0.013994984461259333,0.013994913768971788
2022-03-02 00:00:00+00:00,303.262451171875,0.022232701064151088,0.02223261551034348
2022-03-03 00:00:00+00:00,300.47406005859375,-0.009194646757309629,-0.009194519383328083
2022-03-04 00:00:00+00:00,300.3815002441406,-0.0003080459405882672,-0.00030822416590363307
2022-03-07 00:00:00+00:00,299.00115966796875,-0.004595291571052071,-0.00459514188329949
2022-03-08 00:00:00+00:00,293.4151611328125,-0.018682196889668667,-0.018682030500182148
2022-03-09 00:00:00+00:00,295.6145935058594,0.007495973843189773,0.0014523646739897037
2022-03-10 00:00:00+00:00,296.3042297363281,0.002332889666541719,0.002332882111908686
2022-03-11 00:00:00+00:00,295.2325134277344,-0.003616945696480394,-0.003617015435785906
2022-03-14 00:00:00+00:00,296.6956787109375,0.004955976109187146,0.004955891171731817
2022-03-15 00:00:00+00:00,306.1829528808594,0.03197644876777955,0.031976453266002174
2022-03-16 00:00:00+00:00,308.3916015625,0.007213493308035491,0.007213718437775733
2022-03-17 00:00:00+00:00,313.47076416015625,0.01646984733670474,0.01646967945707098
2022-03-18 00:00:00+00:00,317.5527038574219,0.01302175565942127,0.013021777481154696
2022-03-21 00:00:00+00:00,306.9564208984375,-0.033368580491577246,-0.03336853742751694
2022-03-22 00:00:00+00:00,307.2919616699219,0.0010931218526143657,0.001093043915589621
2022-03-23 00:00:00+00:00,295.4748229980469,-0.038455736387170446,-0.03845577524299157
2022-03-24 00:00:00+00:00,294.291259765625,-0.004005631411884114,-0.004005642840463278
2022-03-25 00:00:00+00:00,289.53826904296875,-0.01615063500846595,-0.01615050390534738
2022-03-28 00:00:00+00:00,292.8932800292969,0.011587452661845632,0.011587505434482585
2022-03-29 00:00:00+00:00,296.0899353027344,0.010914061507719645,0.01091381153463082
2022-03-30 00:00:00+00:00,287.46929931640625,-0.029114924077085012,-0.029114602149073056
2022-03-31 00:00:00+00:00,278.9606018066406,-0.029598630288517988,-0.02959866801442912
2022-04-01 00:00:00+00:00,281.3464660644531,0.008552692539236215,0.008552527949129552
2022-04-04 00:00:00+00:00,284.78533935546875,0.012222912692380575,0.01222290153626061
2022-04-05 00:00:00+00:00,284.11431884765625,-0.002356232625356226,-0.002356179240595831
2022-04-06 00:00:00+00:00,278.2244567871094,-0.020730606202586547,-0.020730752182358304
2022-04-07 00:00:00+00:00,282.1479187011719,0.014101786591193304,0.014101933860046231
2022-04-08 00:00:00+00:00,289.93902587890625,0.02761355537761766,0.02761349414223782
2022-04-11 00:00:00+00:00,285.8477783203125,-0.014110717059187712,-0.014110714337563215
2022-04-12 00:00:00+00:00,285.447021484375,-0.0014019938804226907,-0.0014019062143646932
2022-04-13 00:00:00+00:00,289.29595947265625,0.013483896129888102,0.01348396868194535
2022-04-14 00:00:00+00:00,283.7974548339844,-0.019006503404661566,-0.019006585138995953
2022-04-18 00:00:00+00:00,279.78076171875,-0.014153379626269225,-0.014153414271928948
2022-04-19 00:00:00+00:00,286.8542785644531,0.025282356092853116,0.02528229090944947
2022-04-20 00:00:00+00:00,293.69476318359375,0.023846549033096052,0.023846741866688347
2022-04-21 00:00:00+00:00,289.2400817871094,-0.015167724981530146,-0.015167954162239549
2022-04-22 00:00:00+00:00,279.68756103515625,-0.03302626901822033,-0.03302616472413233
2022-04-25 00:00:00+00:00,284.1888732910156,0.016094073827235985,0.016094156561254194
2022-04-26 00:00:00+00:00,279.54779052734375,-0.016330979851274137,-0.01633111742131971
2022-04-27 00:00:00+00:00,281.0762023925781,0.005467443911293853,0.005467444643140376
2022-04-28 00:00:00+00:00,290.5448303222656,0.033687049451673966,0.033687014113064184
2022-04-29 00:00:00+00:00,279.95782470703125,-0.036438458063395976,-0.03643833562130326
2022-05-02 00:00:00+00:00,286.08074951171875,0.02187088291279226,0.021870863707416473
2022-05-03 00:00:00+00:00,284.20751953125,-0.006547906434340549,-0.006547902914395395
2022-05-04 00:00:00+00:00,293.85321044921875,0.03393890117290918,0.03393889819491362
2022-05-05 00:00:00+00:00,278.7555847167969,-0.051378120760844706,-0.051378048055773486
2022-05-06 00:00:00+00:00,274.2822570800781,-0.01604749064045999,-0.016047567878173734
2022-05-09 00:00:00+00:00,276.81719970703125,0.009242094818452057,0.009241959985275742
2022-05-10 00:00:00+00:00,271.3466491699219,-0.019762321643666352,-0.01976229721345116
2022-05-11 00:00:00+00:00,263.7046813964844,-0.028163118272567907,-0.02816325080331895
2022-05-12 00:00:00+00:00,269.9766540527344,0.023784077791247037,0.023784320008351997
2022-05-13 00:00:00+00:00,275.88519287109375,0.02188536945570584,0.021885450945698326
2022-05-16 00:00:00+00:00,275.847900390625,-0.0001351739108599959,-0.00013515030600565282
2022-05-17 00:00:00+00:00,280.470458984375,0.016757635592672803,0.016757397669862874
2022-05-18 00:00:00+00:00,265.7735290527344,-0.05240099076694345,-0.05240079379163274
2022-05-19 00:00:00+00:00,268.1780090332031,0.009047101075260421,0.009046977895033996
2022-05-20 00:00:00+00:00,267.6467590332031,-0.0019809603401680334,-0.0019808427330921
2022-05-23 00:00:00+00:00,266.56573486328125,-0.0040389959281657796,-0.004039150570173639
2022-05-24 00:00:00+00:00,268.3271179199219,0.006607687434185867,0.006607749734306194
2022-05-25 00:00:00+00:00,273.5926513671875,0.019623560555802798,0.019623484415759375
2022-05-26 00:00:00+00:00,282.203857421875,0.03147455171641448,0.03147457166552561
2022-05-27 00:00:00+00:00,287.46929931640625,0.01865829171377974,0.01865854477077198
2022-05-31 00:00:00+00:00,282.1479187011719,-0.018511126676443244,-0.018511287081811666
2022-06-01 00:00:00+00:00,278.7154846191406,-0.012165370908394348,-0.01836497954944261
2022-06-02 00:00:00+00:00,286.85589599609375,0.029206885968595685,0.029206879788941053
2022-06-03 00:00:00+00:00,286.1149597167969,-0.0025829564239006077,-0.0025828245906212547
2022-06-06 00:00:00+00:00,284.9989318847656,-0.003900627332230093,-0.003900524374601187
2022-06-07 00:00:00+00:00,283.0107116699219,-0.006976237425506045,-0.006976292515626839
2022-06-08 00:00:00+00:00,279.03424072265625,-0.014050602268028008,-0.014050403912706193
2022-06-09 00:00:00+00:00,281.21942138671875,0.007831227660100833,0.007831097979447688
2022-06-10 00:00:00+00:00,271.2596130371094,-0.03541650253206783,-0.03541651315942133
2022-06-13 00:00:00+00:00,265.5576477050781,-0.021020325393044038,-0.021020560010871703
2022-06-14 00:00:00+00:00,261.34674072265625,-0.01585684697395123,-0.015856724736212528
2022-06-15 00:00:00+00:00,262.3408508300781,0.003803797608774599,0.0038037733072009633
2022-06-16 00:00:00+00:00,256.4606018066406,-0.022414538204140463,-0.022414540038596175
2022-06-17 00:00:00+00:00,253.90029907226562,-0.009983220488211087,-0.009983107416276138
2022-06-21 00:00:00+00:00,252.46542358398438,-0.005651334376226366,-0.005651382252461623
2022-06-22 00:00:00+00:00,252.2590789794922,-0.000817318274965861,-0.0008172407530722198
2022-06-23 00:00:00+00:00,258.2987365722656,0.023942280361946622,0.02394230864141643
2022-06-24 00:00:00+00:00,265.4075927734375,0.02752183884253337,0.02752155327395802
2022-06-27 00:00:00+00:00,265.1167907714844,-0.0010956807938850687,-0.0010953977335468198
2022-06-28 00:00:00+00:00,253.35633850097656,-0.04435951505102766,-0.044359575636287556
2022-06-29 00:00:00+00:00,256.8450927734375,0.0137701479785456,0.013770132536551339
2022-06-30 00:00:00+00:00,257.22027587890625,0.0014607369033898506,0.0014605247147034847
2022-07-01 00:00:00+00:00,261.7312316894531,0.01753732591699161,0.017537454884843342
2022-07-05 00:00:00+00:00,266.0921630859375,0.01666186862123763,0.0166619773462631
2022-07-06 00:00:00+00:00,265.95147705078125,-0.000528711682165603,-0.0005287576507714903
2022-07-07 00:00:00+00:00,268.8681640625,0.010966989332275197,0.010966979393477365
2022-07-08 00:00:00+00:00,268.6618957519531,-0.0007671726820692936,-0.0007673836507364392
2022-07-11 00:00:00+00:00,268.5868225097656,-0.0002794339032611186,-0.00027921447943863936
2022-07-12 00:00:00+00:00,267.3957824707031,-0.004434469375425873,-0.004434580349489601
2022-07-13 00:00:00+00:00,269.3277282714844,0.007225042156350844,0.007225019619360852
2022-07-14 00:00:00+00:00,271.4847412109375,0.008008878080606834,0.008008978233882524
2022-07-15 00:00:00+00:00,274.2326354980469,0.010121726454505682,0.010121571661539113
2022-07-18 00:00:00+00:00,274.83282470703125,0.0021886133570293083,0.0021886533389565577
2022-07-19 00:00:00+00:00,281.19134521484375,0.023135957339122836,0.023135980418763046
2022-07-20 00:00:00+00:00,283.5077819824219,0.008237937642811359,0.008238005974455127
2022-07-21 00:00:00+00:00,286.03997802734375,0.008931663276455943,0.008931565716371657
2022-07-22 00:00:00+00:00,287.5310974121094,0.0052129754555605605,0.0052131027471823774
2022-07-25 00:00:00+00:00,287.11846923828125,-0.0014350732061399183,-0.0014351493742846275
2022-07-26 00:00:00+00:00,279.6439514160156,-0.026032870132302356,-0.026032994870474984
2022-07-27 00:00:00+00:00,280.32855224609375,0.0024481159939685965,0.002448222564422304
2022-07-28 00:00:00+00:00,281.0037536621094,0.002408607366626293,0.002408755852537545
2022-07-29 00:00:00+00:00,282.23236083984375,0.004372209131454178,0.004372050653291881
2022-08-01 00:00:00+00:00,286.80902099609375,0.016215929819780952,0.016215873075107884
2022-08-02 00:00:00+00:00,282.0166320800781,-0.016709338149028776,-0.01670922682217838
2022-08-03 00:00:00+00:00,287.32476806640625,0.01882206714964559,0.018822133693402403
2022-08-04 00:00:00+00:00,288.0750427246094,0.0026112425435934647,0.002611281533104655
2022-08-05 00:00:00+00:00,290.4384460449219,0.00820412382120807,0.0082038900397572
2022-08-08 00:00:00+00:00,292.5766906738281,0.007362126667540183,0.007362196910855247
2022-08-09 00:00:00+00:00,286.23687744140625,-0.02166889377899779,-0.02166878141864234
2022-08-10 00:00:00+00:00,292.2109375,0.020871035598187947,0.020870860376551788
2022-08-11 00:00:00+00:00,291.376220703125,-0.0028565556238804375,-0.0028563584607927263
2022-08-12 00:00:00+00:00,295.3151550292969,0.013518379491184162,0.013518337165752027
2022-08-15 00:00:00+00:00,295.05255126953125,-0.0008892322499994058,-0.0008892924000389211
2022-08-16 00:00:00+00:00,307.02874755859375,0.040590044849746834,0.04059000071780963
2022-08-17 00:00:00+00:00,305.50946044921875,-0.004948354580657166,-0.004948363043025142
2022-08-18 00:00:00+00:00,304.9936218261719,-0.0016884538445663512,-0.0016884156865742896
2022-08-19 00:00:00+00:00,301.345458984375,-0.011961439783406715,-0.011961453316531038
2022-08-22 00:00:00+00:00,292.8017578125,-0.02835184973641165,-0.028351847570912147
2022-08-23 00:00:00+00:00,287.8218078613281,-0.01700792368316607,-0.0170077758685624
2022-08-24 00:00:00+00:00,288.9566650390625,0.0039429158831534635,0.003942624565467565
2022-08-25 00:00:00+00:00,290.52276611328125,0.005419847553981969,0.005420185995688653
2022-08-26 00:00:00+00:00,279.56890869140625,-0.03770395541946564,-0.037704153663266925
2022-08-29 00:00:00+00:00,277.8995361328125,-0.005971238241075072,-0.005971146403394464
2022-08-30 00:00:00+00:00,274.87969970703125,-0.010866647954165793,-0.01086663452049648
2022-08-31 00:00:00+00:00,272.25555419921875,-0.00954652348139689,-0.015967221352183775
2022-09-01 00:00:00+00:00,276.9280700683594,0.0171622425955049,0.017162407111160394
2022-09-02 00:00:00+00:00,275.5404357910156,-0.005010811208127851,-0.005010741538567803
2022-09-06 00:00:00+00:00,273.312744140625,-0.008084808474645164,-0.008084910588930723
2022-09-07 00:00:00+00:00,280.79833984375,0.027388388809537208,0.027388244946297012
2022-09-08 00:00:00+00:00,283.0921630859375,0.008168934486806069,0.008168866325375633
2022-09-09 00:00:00+00:00,282.9693908691406,-0.0004336828524624519,-0.0004334941162332048
2022-09-12 00:00:00+00:00,280.8643798828125,-0.007439005964081778,-0.007438971713236762
2022-09-13 00:00:00+00:00,262.35345458984375,-0.06590698792311159,-0.0659071563687878
2022-09-14 00:00:00+00:00,260.8525390625,-0.005720967271767931,-0.0057208519403856945
2022-09-15 00:00:00+00:00,256.32159423828125,-0.017369755496737336,-0.017369862692983597
2022-09-16 00:00:00+00:00,260.5032958984375,0.01631427766584841,0.01631432767318478
2022-09-19 00:00:00+00:00,264.7038879394531,0.01612490938561219,0.016124985278644165
2022-09-20 00:00:00+00:00,258.80413818359375,-0.022288111450818018,-0.022287995509317156
2022-09-21 00:00:00+00:00,256.3498840332031,-0.009483056057819274,-0.009483189175248494
2022-09-22 00:00:00+00:00,254.05604553222656,-0.008948076998854653,-0.00894794200480379
2022-09-23 00:00:00+00:00,255.7552032470703,0.006688121557131829,0.006687923367025052
2022-09-26 00:00:00+00:00,251.6395263671875,-0.016092250822779527,-0.016092182143105746
2022-09-27 00:00:00+00:00,253.63131713867188,0.00791525401529326,0.007915132325841847
2022-09-28 00:00:00+00:00,266.37469482421875,0.0502437073990334,0.050243774897966186
2022-09-29 00:00:00+00:00,262.7309875488281,-0.013678879211086906,-0.01367878321607838
2022-09-30 00:00:00+00:00,260.47491455078125,-0.008587007642665628,-0.00858687258348586
2022-10-03 00:00:00+00:00,267.80010986328125,0.028122459796687663,0.028122090660895674
2022-10-04 00:00:00+00:00,273.33160400390625,0.020655309452445588,0.020655569613744505
2022-10-05 00:00:00+00:00,273.6053466796875,0.0010015039306517145,0.0010015490653649092
2022-10-06 00:00:00+00:00,274.1151123046875,0.0018631420445039317,0.001863062044335507
2022-10-07 00:00:00+00:00,268.3852844238281,-0.020902998863085272,-0.020902947821974674
2022-10-10 00:00:00+00:00,266.6295471191406,-0.006541853844396619,-0.006541980237850769
2022-10-11 00:00:00+00:00,267.0354309082031,0.0015222761072355385,0.001522421604362914
2022-10-12 00:00:00+00:00,264.7982482910156,-0.008377849372192712,-0.008377904881906073
2022-10-13 00:00:00+00:00,266.9787902832031,0.008234729671591577,0.008234698592124806
2022-10-14 00:00:00+00:00,260.9375,-0.02262835289947454,-0.02262841353580844
2022-10-17 00:00:00+00:00,265.4967956542969,0.01747274981287425,0.017472840204820945
2022-10-18 00:00:00+00:00,269.08380126953125,0.013510542025166328,0.013510586862793945
2022-10-19 00:00:00+00:00,260.0501403808594,-0.03357192386182768,-0.03357190558542556
2022-10-20 00:00:00+00:00,254.35812377929688,-0.02188815046677611,-0.021888268151473714
2022-10-21 00:00:00+00:00,260.087890625,0.02252637643559113,0.022526562446027115
2022-10-24 00:00:00+00:00,267.38470458984375,0.02805518529643675,0.028055061229539525
2022-10-25 00:00:00+00:00,273.99237060546875,0.024712206428415064,0.02471227762009872
2022-10-26 00:00:00+00:00,273.8885803222656,-0.0003788072017252491,-0.00037902523750846364
2022-10-27 00:00:00+00:00,274.7475891113281,0.0031363439397574158,0.003136321493199939
2022-10-28 00:00:00+00:00,281.9121398925781,0.02607684676842392,0.026077085142428996
2022-10-31 00:00:00+00:00,279.533447265625,-0.00843770909567612,-0.008437934254722715
2022-11-01 00:00:00+00:00,279.4673767089844,-0.0002363601110597754,-0.00023640739899509337
2022-11-02 00:00:00+00:00,272.5481872558594,-0.02475848714295589,-0.02475844974907471
2022-11-03 00:00:00+00:00,265.72332763671875,-0.025040928313838567,-0.02504073255713788
2022-11-04 00:00:00+00:00,268.1115417480469,0.00898759673291895,0.008987562271036855
2022-11-07 00:00:00+00:00,274.0018310546875,0.021969547704797882,0.021969475975049144
2022-11-08 00:00:00+00:00,274.822998046875,0.0029969397979081563,0.0029972979215727546
2022-11-09 00:00:00+00:00,270.6790771484375,-0.015078508450485265,-0.015078705871944835
2022-11-10 00:00:00+00:00,294.23077392578125,0.08700966851763076,0.08700963280568876
2022-11-11 00:00:00+00:00,297.2892150878906,0.01039470182300121,0.010394578464831748
2022-11-14 00:00:00+00:00,289.7187194824219,-0.0254650865933048,-0.025465132887220233
2022-11-15 00:00:00+00:00,294.4478759765625,0.016323268660682996,0.016323403586799647
2022-11-16 00:00:00+00:00,297.2608337402344,0.00955333012453376,0.009553460892827758
2022-11-17 00:00:00+00:00,293.9853210449219,-0.011018985091641282,-0.011019025055889779
2022-11-18 00:00:00+00:00,295.6278076171875,0.005586967969787335,0.00558691953742313
2022-11-21 00:00:00+00:00,299.0260314941406,0.011494939885200284,0.011495006666158658
2022-11-22 00:00:00+00:00,306.6720886230469,0.0255698712607102,0.025569815438881174
2022-11-23 00:00:00+00:00,303.49102783203125,-0.010372840923667168,-0.010373045636967074
2022-11-25 00:00:00+00:00,308.0880432128906,0.015147121197281713,0.015147258154536583
2022-11-28 00:00:00+00:00,301.0461730957031,-0.022856680979084693,-0.022856766172782712
2022-11-29 00:00:00+00:00,298.25201416015625,-0.009281496279504628,-0.009281392976383326
2022-11-30 00:00:00+00:00,307.68218994140625,0.0316181461768307,0.025414606268080453
2022-12-01 00:00:00+00:00,310.607177734375,0.009506522927198915,0.009506519283560765
2022-12-02 00:00:00+00:00,311.4808654785156,0.0028128382303121958,0.002812801203273546
2022-12-05 00:00:00+00:00,303.9689636230469,-0.02411673617231195,-0.02411660080375333
2022-12-06 00:00:00+00:00,301.471435546875,-0.008216391721060935,-0.008216616082119824
2022-12-07 00:00:00+00:00,304.0354919433594,0.00850513877652497,0.008505218414331888
2022-12-08 00:00:00+00:00,307.7771911621094,0.012306784299535214,0.012306739080183114
2022-12-09 00:00:00+00:00,304.3488464355469,-0.011139047418093942,-0.011138836102175741
2022-12-12 00:00:00+00:00,311.4714050292969,0.023402614063327398,0.023402395603137803
2022-12-13 00:00:00+00:00,316.13427734375,0.014970466756055944,0.014970435690100788
2022-12-14 00:00:00+00:00,316.64703369140625,0.0016219574541697108,0.0016220913922996955
2022-12-15 00:00:00+00:00,311.1105041503906,-0.01748486153958841,-0.01748488948303626
2022-12-16 00:00:00+00:00,307.06494140625,-0.013003619904087207,-0.013003692570991328
2022-12-19 00:00:00+00:00,301.357421875,-0.018587336949348752,-0.01858727603665998
2022-12-20 00:00:00+00:00,298.99273681640625,-0.00784677889756635,-0.007846690636681933
2022-12-21 00:00:00+00:00,303.28521728515625,0.014356470710476684,0.014356463810973243
2022-12-22 00:00:00+00:00,300.2083740234375,-0.010145048575927873,-0.010145260467770584
2022-12-23 00:00:00+00:00,302.6869812011719,0.008256289271733866,0.008256408672197648
2022-12-27 00:00:00+00:00,303.4656677246094,0.002572580163003341,0.0025726375878542475
2022-12-28 00:00:00+00:00,299.83795166015625,-0.011954288245038724,-0.011954238624836144
2022-12-29 00:00:00+00:00,304.2823791503906,0.014822764982305506,0.01482276791224609
2022-12-30 00:00:00+00:00,299.9613952636719,-0.014200572175042437,-0.014200612523150585
2023-01-03 00:00:00+00:00,300.0089111328125,0.00015840661462071688,0.0001583559579134501
2023-01-04 00:00:00+00:00,303.6366271972656,0.012092027702627649,0.012092074578000855
2023-01-05 00:00:00+00:00,299.5910339355469,-0.013323798578128793,-0.013323771992761609
2023-01-06 00:00:00+00:00,301.5473327636719,0.006529897782407841,0.006529931691199296
2023-01-09 00:00:00+00:00,301.81329345703125,0.0008819865555495171,0.0008818026025046269
2023-01-10 00:00:00+00:00,304.49127197265625,0.008872964092969152,0.008873249255473259
2023-01-11 00:00:00+00:00,312.44000244140625,0.026104953410499752,0.02610484043826984
2023-01-12 00:00:00+00:00,313.2662353515625,0.0026444530268213604,0.0026443620583206685
2023-01-13 00:00:00+00:00,314.5387878417969,0.004062207626066867,0.004062195282158313
2023-01-17 00:00:00+00:00,311.04400634765625,-0.011110812495082134,-0.011110753813960247
2023-01-18 00:00:00+00:00,307.39727783203125,-0.011724156200422083,-0.011724105737496649
2023-01-19 00:00:00+00:00,295.2320861816406,-0.03957481906211921,-0.03957489407141202
2023-01-20 00:00:00+00:00,299.14471435546875,0.013252720002191404,0.013252686092630979
2023-01-23 00:00:00+00:00,299.6005859375,0.0015239165532757676,0.0015238444010416666
2023-01-24 00:00:00+00:00,301.6993408203125,0.007005176162273339,0.007005171098380299
2023-01-25 00:00:00+00:00,301.2909851074219,-0.001353518744125581,-0.0013534976627429644
2023-01-26 00:00:00+00:00,298.0146179199219,-0.010874428208769169,-0.010874399863947358
2023-01-27 00:00:00+00:00,300.7496643066406,0.009177557818501613,0.009177543434621625
2023-01-30 00:00:00+00:00,298.4229431152344,-0.007736404949180439,-0.007736310550202952
2023-01-31 00:00:00+00:00,307.8531494140625,0.031600138382077085,0.03160012570632113
2023-02-01 00:00:00+00:00,311.5758361816406,0.012092410861033976,0.012092367423830559
2023-02-02 00:00:00+00:00,322.6869201660156,0.035660929681008785,0.03566098429585076
2023-02-03 00:00:00+00:00,314.8141784667969,-0.02439746146254825,-0.024397446471195742
2023-02-06 00:00:00+00:00,312.6964416503906,-0.006726942308380198,-0.0067270316329656864
2023-02-07 00:00:00+00:00,308.83135986328125,-0.0123604917494735,-0.012360606622037553
2023-02-08 00:00:00+00:00,304.6432800292969,-0.013561057516433647,-0.013560896360919708
2023-02-09 00:00:00+00:00,299.6670227050781,-0.016334702422256594,-0.016334738029159464
2023-02-10 00:00:00+00:00,300.6072082519531,0.003137434137356842,0.003137445064972318
2023-02-13 00:00:00+00:00,307.245361328125,0.02208248137086628,0.02208248577014559
2023-02-14 00:00:00+00:00,302.40203857421875,-0.0157636969130147,-0.015763626627386434
2023-02-15 00:00:00+00:00,304.5483093261719,0.007097408344442639,0.0070973520635855885
2023-02-16 00:00:00+00:00,305.07061767578125,0.0017150262655045037,0.0017150138413474212
2023-02-17 00:00:00+00:00,301.94622802734375,-0.010241529230972993,-0.010241495851570035
2023-02-21 00:00:00+00:00,280.6261901855469,-0.07060872388134674,-0.07060862193775623
2023-02-22 00:00:00+00:00,281.385986328125,0.0027075026107711343,0.0027072344939720813
2023-02-23 00:00:00+00:00,284.24444580078125,0.010158499753157545,0.010158656394303193
2023-02-24 00:00:00+00:00,281.7278747558594,-0.008853545186545764,-0.008853676516320191
2023-02-27 00:00:00+00:00,281.1105651855469,-0.0021911554575401886,-0.0021910398721113307
2023-02-28 00:00:00+00:00,281.6138610839844,0.0017903841433540566,0.0017904758684225502
2023-03-01 00:00:00+00:00,276.1533203125,-0.01939017046414453,-0.019390300918295654
2023-03-02 00:00:00+00:00,278.2710266113281,0.0076685889433872854,0.007668697008912216
2023-03-03 00:00:00+00:00,283.427734375,0.01853124210043774,0.018531238130331164
2023-03-06 00:00:00+00:00,283.1998291015625,-0.0008041036419391517,-0.000804224299333
2023-03-07 00:00:00+00:00,276.0678405761719,-0.025183590498682528,-0.025183526586090816
2023-03-08 00:00:00+00:00,278.8226318359375,0.009978675002550797,0.0027175025599281435
2023-03-09 00:00:00+00:00,275.4842834472656,-0.011973017996029097,-0.011972933381241817
2023-03-10 00:00:00+00:00,273.8677673339844,-0.0058679068477265435,-0.0058680640326605905
2023-03-13 00:00:00+00:00,274.0686340332031,0.0007334441039707719,0.0007334408748166398
2023-03-14 00:00:00+00:00,273.159912109375,-0.0033156728314924,-0.0033155860878097223
2023-03-15 00:00:00+00:00,275.45562744140625,0.008404290784483891,0.008404222554645133
2023-03-16 00:00:00+00:00,274.26953125,-0.00430594285701624,-0.004305970167443445
2023-03-17 00:00:00+00:00,275.857421875,0.005789526156124934,0.005789431166968174
2023-03-20 00:00:00+00:00,276.6896057128906,0.0030167172310764023,0.003016731069028411
2023-03-21 00:00:00+00:00,276.8522033691406,0.0005876536483221595,0.000587647460476752
2023-03-22 00:00:00+00:00,270.32855224609375,-0.023563659756569,-0.02356358185676529
2023-03-23 00:00:00+00:00,271.57208251953125,0.004600070037387141,0.004600043798628248
2023-03-24 00:00:00+00:00,270.7207336425781,-0.0031348909985690326,-0.0031348477931645398
2023-03-27 00:00:00+00:00,269.04681396484375,-0.0061831971833542125,-0.006183308840123878
2023-03-28 00:00:00+00:00,268.6163635253906,-0.0015999090757096712,-0.0015998211932637166
2023-03-29 00:00:00+00:00,271.0459899902344,0.009044968195372404,0.009044861338569927
2023-03-30 00:00:00+00:00,272.95904541015625,0.007058047307731065,0.00705815959694738
2023-03-31 00:00:00+00:00,282.294921875,0.03420248063520075,0.03420244696747059
2023-04-03 00:00:00+00:00,284.79150390625,0.008843878645310825,0.008843914042842908
2023-04-04 00:00:00+00:00,282.1418762207031,-0.009303745544386397,-0.009303796826102292
2023-04-05 00:00:00+00:00,276.1252136230469,-0.021324954233131157,-0.021324851537709997
2023-04-06 00:00:00+00:00,276.06781005859375,-0.0002078896153666345,-0.00020794704465173838
2023-04-10 00:00:00+00:00,278.5166015625,0.00887025366480253,0.008870199251953967
2023-04-11 00:00:00+00:00,281.0035705566406,0.008929338431492176,0.008929407102502982
2023-04-12 00:00:00+00:00,277.8183288574219,-0.011335235680134233,-0.011335353156549459
2023-04-13 00:00:00+00:00,279.4539489746094,0.005887372960287694,0.005887589315191184
2023-04-14 00:00:00+00:00,279.4922180175781,0.00013694221573597103,0.00013694521909198113
2023-04-17 00:00:00+00:00,282.562744140625,0.010986088073671376,0.010985972922608242
2023-04-18 00:00:00+00:00,285.95849609375,0.0120176917287971,0.012017665483740298
2023-04-19 00:00:00+00:00,284.00714111328125,-0.006823909788044935,-0.006823911897046895
2023-04-20 00:00:00+00:00,285.594970703125,0.005590808680442356,0.005590932072462262
2023-04-21 00:00:00+00:00,287.0010986328125,0.004923503821603235,0.0049234725010635205
2023-04-24 00:00:00+00:00,288.5316162109375,0.00533279344718863,0.005332642507494372
2023-04-25 00:00:00+00:00,283.45233154296875,-0.01760391022194055,-0.017603858302290335
2023-04-26 00:00:00+00:00,275.55126953125,-0.027874394148424995,-0.027874260528245678
2023-04-27 00:00:00+00:00,281.1566162109375,0.020342300324810526,0.02034222655108683
2023-04-28 00:00:00+00:00,287.4793701171875,0.02248836961925292,0.022488402115641824
2023-05-01 00:00:00+00:00,284.7628173828125,-0.009449557139587547,-0.009449644829786878
2023-05-02 00:00:00+00:00,281.49139404296875,-0.01148823912444267,-0.011488119877388434
2023-05-03 00:00:00+00:00,280.34356689453125,-0.004077663377027746,-0.004077790580430276
2023-05-04 00:00:00+00:00,273.33209228515625,-0.025010292503030055,-0.02501019144293651
2023-05-05 00:00:00+00:00,277.0339660644531,0.013543502149154374,0.013543289998906386
2023-05-08 00:00:00+00:00,275.4173583984375,-0.005835413212975893,-0.005835240901521432
2023-05-09 00:00:00+00:00,277.95220947265625,0.009203672161257396,0.009203604917492414
2023-05-10 00:00:00+00:00,276.4696044921875,-0.005334028404672935,-0.0053341175049689
2023-05-11 00:00:00+00:00,275.18780517578125,-0.0046363118967838336,-0.0046361842838114715
2023-05-12 00:00:00+00:00,277.8470458984375,0.00966336688123811,0.009663174791286245
2023-05-15 00:00:00+00:00,276.00091552734375,-0.006644412450469504,-0.00664437865414823
2023-05-16 00:00:00+00:00,270.0606994628906,-0.021522450579931574,-0.02152222149008993
2023-05-17 00:00:00+00:00,279.6835632324219,0.03563222560213186,0.0356321629108883
2023-05-18 00:00:00+00:00,282.3331604003906,0.009473553387786642,0.009473610160738359
2023-05-19 00:00:00+00:00,278.23919677734375,-0.014500470356514349,-0.014500605523086026
2023-05-22 00:00:00+00:00,278.0287780761719,-0.0007562511091500132,-0.0007563298164538927
2023-05-23 00:00:00+00:00,282.12274169921875,0.01472496355008706,0.014725103988756394
2023-05-24 00:00:00+00:00,278.4496154785156,-0.013019603448413873,-0.013019584681984572
2023-05-25 00:00:00+00:00,274.2886047363281,-0.014943496097262709,-0.01494333910102618
2023-05-26 00:00:00+00:00,280.10443115234375,0.02120331036575997,0.02120309179517219
2023-05-30 00:00:00+00:00,279.6931457519531,-0.0014683287897253375,-0.0014684038366922334
2023-05-31 00:00:00+00:00,273.0839538574219,-0.02363015324084,-0.030608693147311086
2023-06-01 00:00:00+00:00,277.8433532714844,0.017428337867655894,0.01742812569645643
2023-06-02 00:00:00+00:00,285.1172180175781,0.026179732789887406,0.026179782272186435
2023-06-05 00:00:00+00:00,282.3810729980469,-0.00959656185815674,-0.00959652738548896
2023-06-06 00:00:00+00:00,285.1750183105469,0.00989423718394655,0.009894213019771038
2023-06-07 00:00:00+00:00,290.6665954589844,0.01925686612022004,0.019256797996727196
2023-06-08 00:00:00+00:00,290.0788879394531,-0.0020219300350052807,-0.002021928553062247
2023-06-09 00:00:00+00:00,286.4756774902344,-0.012421484634106954,-0.012421502806017809
2023-06-12 00:00:00+00:00,289.8572692871094,0.01180411484318865,0.011804201029089455
2023-06-13 00:00:00+00:00,289.1058044433594,-0.0025925340620167755,-0.002592564040663057
2023-06-14 00:00:00+00:00,288.7493591308594,-0.0012329234038946234,-0.0012329883155949733
2023-06-15 00:00:00+00:00,290.9748840332031,0.0077074626556492415,0.007707442609366537
2023-06-16 00:00:00+00:00,289.3948059082031,-0.005430290419222909,-0.005430051620805588
2023-06-20 00:00:00+00:00,290.3871765136719,0.00342912376175657,0.0034289858264657438
2023-06-21 00:00:00+00:00,289.7031555175781,-0.002355548217748332,-0.0023555669899863346
2023-06-22 00:00:00+00:00,290.16558837890625,0.0015962299772052924,0.0015962103400898255
2023-06-23 00:00:00+00:00,289.80914306640625,-0.0012284203460906048,-0.0012284850461026402
2023-06-26 00:00:00+00:00,296.63018798828125,0.02353633446378895,0.02353650858450826
2023-06-27 00:00:00+00:00,302.2662658691406,0.019000351646886442,0.01900021211346286
2023-06-28 00:00:00+00:00,295.3006591796875,-0.023044604959220713,-0.023044497653451654
2023-06-29 00:00:00+00:00,296.5627746582031,0.0042740015617358995,0.004273914446041905
2023-06-30 00:00:00+00:00,299.2796325683594,0.009161156228348297,0.009161221678643227
2023-07-03 00:00:00+00:00,298.68231201171875,-0.0019958610330898115,-0.0019959619029355584
2023-07-05 00:00:00+00:00,299.43377685546875,0.0025159335304747355,0.0025159628634864478
2023-07-06 00:00:00+00:00,290.9748840332031,-0.02824962805164288,-0.028249675431600854
2023-07-07 00:00:00+00:00,291.7359924316406,0.002615718538616721,0.002615749200911708
2023-07-10 00:00:00+00:00,298.9327697753906,0.024668801692120126,0.024668938545391584
2023-07-11 00:00:00+00:00,302.1891784667969,0.010893448362496425,0.010893402398189088
2023-07-12 00:00:00+00:00,305.9080505371094,0.012306436945163845,0.012306272098755294
2023-07-13 00:00:00+00:00,303.0948486328125,-0.009196233637387089,-0.009196217596336967
2023-07-14 00:00:00+00:00,304.9253234863281,0.006039280646874911,0.0060393956122785425
2023-07-17 00:00:00+00:00,304.4917297363281,-0.0014219670083237314,-0.001421839516686414
2023-07-18 00:00:00+00:00,305.17584228515625,0.0022467360588759706,0.002246549596835789
2023-07-19 00:00:00+00:00,307.7963562011719,0.008586898282620343,0.008586946384790461
2023-07-20 00:00:00+00:00,307.4206237792969,-0.0012207175761022523,-0.0012207795011444091
2023-07-21 00:00:00+00:00,308.7500915527344,0.004324588757558277,0.004324813998089699
2023-07-24 00:00:00+00:00,313.2204284667969,0.014478819719795834,0.014478684785425154
2023-07-25 00:00:00+00:00,313.2397155761719,6.157679264219684e-05,6.157771877831308e-05
2023-07-26 00:00:00+00:00,317.5366516113281,0.01371772422680337,0.013717563399556593
2023-07-27 00:00:00+00:00,317.6521911621094,0.00036386209338338984,0.00036407390552134006
2023-07-28 00:00:00+00:00,319.25152587890625,0.005034861276875867,0.005034738725336884
2023-07-31 00:00:00+00:00,321.6311950683594,0.00745390075396459,0.007453907285207341
2023-08-01 00:00:00+00:00,319.9259338378906,-0.005301914915642167,-0.005301908198801949
2023-08-02 00:00:00+00:00,316.4864807128906,-0.010750779356145608,-0.010750767143908753
2023-08-03 00:00:00+00:00,317.787109375,0.004109586795555024,0.004109607621052131
2023-08-04 00:00:00+00:00,314.4921875,-0.010368330803222971,-0.010368389766411235
2023-08-07 00:00:00+00:00,317.1319580078125,0.008393755434107565,0.008393900111607039
2023-08-08 00:00:00+00:00,315.8216857910156,-0.004131630962164326,-0.004131651771613155
2023-08-09 00:00:00+00:00,316.20709228515625,0.0012203294184036963,0.00122020041933858
2023-08-10 00:00:00+00:00,317.3535461425781,0.0036256424520295085,0.003625734963553432
2023-08-11 00:00:00+00:00,319.0009765625,0.005191151761013348,0.00519123098592254
2023-08-14 00:00:00+00:00,317.88348388671875,-0.0035031011121757685,-0.0035032865085588578
2023-08-15 00:00:00+00:00,319.993408203125,0.006637414094650304,0.0066373764521399856
2023-08-16 00:00:00+00:00,320.8507995605469,0.002679403185948197,0.0026795450460896817
2023-08-17 00:00:00+00:00,315.3110656738281,-0.01726576307213896,-0.017265711861022454
2023-08-18 00:00:00+00:00,315.3977966308594,0.0002750647423232789,0.0002749827005203411
2023-08-21 00:00:00+00:00,312.2088317871094,-0.010110929365439907,-0.010110876402734715
2023-08-22 00:00:00+00:00,312.613525390625,0.0012962272758240856,0.0012960977315888296
2023-08-23 00:00:00+00:00,314.16461181640625,0.004961674079338365,0.004961739697519722
2023-08-24 00:00:00+00:00,310.7926330566406,-0.010733159092202803,-0.010733233277028655
2023-08-25 00:00:00+00:00,311.0527038574219,0.0008367984730637203,0.000836941680575489
2023-08-28 00:00:00+00:00,313.9911804199219,0.009446876770590357,0.009446876196892927
2023-08-29 00:00:00+00:00,317.33428955078125,0.010647143420998024,0.010647114791544371
2023-08-30 00:00:00+00:00,320.5727233886719,0.010205117897832457,0.003795008748162256
2023-08-31 00:00:00+00:00,320.2527160644531,-0.000998236284222983,-0.0009981462207603337
2023-09-01 00:00:00+00:00,322.94818115234375,0.008416681429012904,0.008416587593213511
2023-09-05 00:00:00+00:00,317.80938720703125,-0.01591213155923732,-0.01591205718335423
2023-09-06 00:00:00+00:00,316.0835266113281,-0.005430489674550878,-0.00543046795388939
2023-09-07 00:00:00+00:00,318.429931640625,0.0074233701909499706,0.007423354072804832
2023-09-08 00:00:00+00:00,318.7110900878906,0.0008829523211496839,0.0008829487104553597
2023-09-11 00:00:00+00:00,318.3814392089844,-0.00103432509617203,-0.0010343352703870861
2023-09-12 00:00:00+00:00,316.35504150390625,-0.0063646854229715485,-0.006364760389099359
2023-09-13 00:00:00+00:00,315.9671630859375,-0.0012260857804725727,-0.0012259222078609233
2023-09-14 00:00:00+00:00,319.6031494140625,0.011507481640223721,0.011507303129409587
2023-09-15 00:00:00+00:00,311.62347412109375,-0.02496744887401177,-0.02496742063652244
2023-09-18 00:00:00+00:00,307.6094055175781,-0.012881149646498705,-0.012881095860234427
2023-09-19 00:00:00+00:00,305.03997802734375,-0.008352889879654693,-0.008352847293991444
2023-09-20 00:00:00+00:00,301.404052734375,-0.011919504179359814,-0.011919519959957863
2023-09-21 00:00:00+00:00,297.4288024902344,-0.013189106808872213,-0.013189139095212571
2023-09-22 00:00:00+00:00,296.4301452636719,-0.003357634560611491,-0.0033576696652338383
2023-09-25 00:00:00+00:00,297.1669921875,0.002485735461124261,0.002485785564835702
2023-09-26 00:00:00+00:00,293.337158203125,-0.012887817574162255,-0.012887799978173992
2023-09-27 00:00:00+00:00,292.6390686035156,-0.0023798198765052946,-0.0023798545659002236
2023-09-28 00:00:00+00:00,294.25823974609375,0.0055329971842272094,0.005533042441292945
2023-09-29 00:00:00+00:00,292.9687194824219,-0.004382274103129829,-0.004382307868666514
2023-10-02 00:00:00+00:00,290.7095947265625,-0.007711146636577774,-0.007711202877960292
2023-10-03 00:00:00+00:00,283.0596008300781,-0.026314899938819893,-0.02631486003471409
2023-10-04 00:00:00+00:00,283.4959411621094,0.0015415139806304854,0.0015414544196339437
2023-10-05 00:00:00+00:00,282.826904296875,-0.0023599521830607257,-0.0023598700599809876
2023-10-06 00:00:00+00:00,283.912841796875,0.0038395834466303943,0.0038395442931712814
2023-10-09 00:00:00+00:00,286.37554931640625,0.008674167409775673,0.008674195628072003
2023-10-10 00:00:00+00:00,290.1181640625,0.013068904642968199,0.0130688517760661
2023-10-11 00:00:00+00:00,288.98370361328125,-0.0039103392677417945,-0.0039102112925645605
2023-10-12 00:00:00+00:00,284.1067199707031,-0.01687632756310895,-0.01687635962189943
2023-10-13 00:00:00+00:00,283.04022216796875,-0.0037538633469998577,-0.0037539267871796174
2023-10-16 00:00:00+00:00,288.2856140136719,0.01853231956054032,0.018532381802149046
2023-10-17 00:00:00+00:00,286.93792724609375,-0.004674831840600312,-0.0046748871409965954
2023-10-18 00:00:00+00:00,281.4112854003906,-0.019260757539951046,-0.019260702034223327
2023-10-19 00:00:00+00:00,278.046875,-0.011955492103323995,-0.011955627540853433
2023-10-20 00:00:00+00:00,277.6978454589844,-0.0012552902851924697,-0.0012553104067850613
2023-10-23 00:00:00+00:00,276.3985900878906,-0.004678665651677331,-0.004678594744447119
2023-10-24 00:00:00+00:00,274.692138671875,-0.0061738788735246405,-0.006173956292859977
2023-10-25 00:00:00+00:00,272.3844909667969,-0.00840085091708669,-0.008400709128947245
2023-10-26 00:00:00+00:00,269.54364013671875,-0.010429561609748254,-0.010429618595984971
2023-10-27 00:00:00+00:00,268.0504455566406,-0.005539713640881092,-0.005539599082452788
2023-10-30 00:00:00+00:00,272.9177551269531,0.018158184964792417,0.018158213435616417
2023-10-31 00:00:00+00:00,276.0301513671875,0.011404154481582123,0.01140397658728967
2023-11-01 00:00:00+00:00,277.9111328125,0.006814405730663588,0.006814438247811436
2023-11-02 00:00:00+00:00,285.5708312988281,0.027561682789785685,0.02756164310053393
2023-11-03 00:00:00+00:00,286.6179504394531,0.003666758036395074,0.0036668134884110808
2023-11-06 00:00:00+00:00,285.609619140625,-0.0035180326189693093,-0.0035180747568690105
2023-11-07 00:00:00+00:00,285.8034973144531,0.0006788222834072882,0.0006788935888948632
2023-11-08 00:00:00+00:00,286.9185485839844,0.0039014612487559006,0.003901429782287505
2023-11-09 00:00:00+00:00,279.1133728027344,-0.027203454847274662,-0.02720335883099283
2023-11-10 00:00:00+00:00,282.72021484375,0.012922498140441267,0.012922504199122139
2023-11-13 00:00:00+00:00,279.3072814941406,-0.012071769793665406,-0.01207170704715452
2023-11-14 00:00:00+00:00,294.3940124511719,0.0540148143518691,0.054014639368829505
2023-11-15 00:00:00+00:00,298.8153076171875,0.01501829174174845,0.015018270543959263
2023-11-16 00:00:00+00:00,297.1184997558594,-0.005678450260325709,-0.005678315279979641
2023-11-17 00:00:00+00:00,297.92327880859375,0.0027086130732204743,0.002708479851367724
2023-11-20 00:00:00+00:00,298.8153076171875,0.002994156120196469,0.00299415322234232
2023-11-21 00:00:00+00:00,296.052001953125,-0.009247537169690694,-0.009247561831787435
2023-11-22 00:00:00+00:00,299.79461669921875,0.012641747805800454,0.012641697502573865
2023-11-24 00:00:00+00:00,301.24896240234375,0.004851140154341503,0.004851228786484148
2023-11-27 00:00:00+00:00,301.4622802734375,0.0007081115546178902,0.000708082433406954
2023-11-28 00:00:00+00:00,303.8086242675781,0.007783209202864132,0.007783297329358681
2023-11-29 00:00:00+00:00,303.5841064453125,-0.0007390106940080868,-0.007404121246356839
2023-11-30 00:00:00+00:00,305.99505615234375,0.007941620314914468,0.007941615677295096
2023-12-01 00:00:00+00:00,311.9785461425781,0.019554204781842666,0.01955406894564485
2023-12-04 00:00:00+00:00,316.2733459472656,0.01376633059481187,0.013766328651845244
2023-12-05 00:00:00+00:00,315.7657775878906,-0.0016048407678958512,-0.0016048053555422295
2023-12-06 00:00:00+00:00,318.3133239746094,0.008067835615940561,0.008067960901275116
2023-12-07 00:00:00+00:00,318.3719482421875,0.00018417157926697793,0.00018407310069687625
2023-12-08 00:00:00+00:00,318.66473388671875,0.0009196339255006416,0.0009197283030900531
2023-12-11 00:00:00+00:00,323.4085388183594,0.014886507439279387,0.01488646838420235
2023-12-12 00:00:00+00:00,325.2338562011719,0.005643998731393049,0.0056439975569725805
2023-12-13 00:00:00+00:00,335.19000244140625,0.030612268834878147,0.030612188822836672
2023-12-14 00:00:00+00:00,343.39892578125,0.024490358543073586,0.024490401315046366
2023-12-15 00:00:00+00:00,345.53656005859375,0.006224930006640305,0.006224957950609423
2023-12-18 00:00:00+00:00,342.4228210449219,-0.009011315656855147,-0.009011306331656074
2023-12-19 00:00:00+00:00,343.6527099609375,0.0035917259026794768,0.0035917156705733504
2023-12-20 00:00:00+00:00,340.32421875,-0.009685624802190108,-0.009685584091714826
2023-12-21 00:00:00+00:00,340.6268310546875,0.0008891882740493326,0.0008891113271890296
2023-12-22 00:00:00+00:00,340.25592041015625,-0.0010889061304501302,-0.0010889328064969375
2023-12-26 00:00:00+00:00,340.9587097167969,0.002065472676547284,0.0020654672488226626
2023-12-27 00:00:00+00:00,340.19732666015625,-0.0022330652801714206,-0.0022329700974734823
2023-12-28 00:00:00+00:00,339.0553283691406,-0.003356870267697419,-0.0033569948980927584
2023-12-29 00:00:00+00:00,338.2646789550781,-0.002331918562865628,-0.0023318677819897785
2024-01-02 00:00:00+00:00,336.829833984375,-0.004241781835264195,-0.004241815820179204
2024-01-03 00:00:00+00:00,330.1728820800781,-0.019763545958953507,-0.019763466651266968
2024-01-04 00:00:00+00:00,330.4949951171875,0.0009755890159121295,0.0009755411894366924
2024-01-05 00:00:00+00:00,334.7409973144531,0.012847402411525386,0.012847414721534195
2024-01-08 00:00:00+00:00,339.6116943359375,0.014550643812860722,0.014550621679742875
2024-01-09 00:00:00+00:00,337.913330078125,-0.005000900399302829,-0.005000977986960759
2024-01-10 00:00:00+00:00,348.2696533203125,0.030647868315207143,0.030647867577742294
2024-01-11 00:00:00+00:00,348.0060729980469,-0.0007568282787567582,-0.0007566956920092011
2024-01-12 00:00:00+00:00,347.2056884765625,-0.0022999153853526773,-0.002299967259491003
2024-01-16 00:00:00+00:00,349.86065673828125,0.007646672706798031,0.0076466820894645245
2024-01-17 00:00:00+00:00,347.1959228515625,-0.00761655772204231,-0.007616495618488631
2024-01-18 00:00:00+00:00,349.3432922363281,0.006184892285396148,0.006184935659132477
2024-01-19 00:00:00+00:00,353.7455139160156,0.012601420372226382,0.012601312776019306
2024-01-22 00:00:00+00:00,348.1622619628906,-0.015783244545824957,-0.0157832321484043
2024-01-23 00:00:00+00:00,342.3935241699219,-0.016569107060729112,-0.016569019657567262
2024-01-24 00:00:00+00:00,338.96746826171875,-0.010006193652491084,-0.010006299611835684
2024-01-25 00:00:00+00:00,342.5790100097656,0.010654537931228204,0.010654569424614409
2024-01-26 00:00:00+00:00,346.80548095703125,0.012337215135116259,0.012337198499032875
2024-01-29 00:00:00+00:00,347.1959228515625,0.0011258238867903742,0.0011258779279654575
2024-01-30 00:00:00+00:00,348.56243896484375,0.003935864517238239,0.0039358837459626626
2024-01-31 00:00:00+00:00,344.5214538574219,-0.011593289051518978,-0.01159343202933858
2024-02-01 00:00:00+00:00,351.46142578125,0.020143801920388362,0.020143971105137364
2024-02-02 00:00:00+00:00,348.6893615722656,-0.007887250223328096,-0.007887344905496113
2024-02-05 00:00:00+00:00,346.6493225097656,-0.005850591636353102,-0.005850562028985334
2024-02-06 00:00:00+00:00,347.7327880859375,0.0031255378442037835,0.0031254865849496116
2024-02-07 00:00:00+00:00,354.018798828125,0.01807712978919318,0.018077199835526317
2024-02-08 00:00:00+00:00,355.0241394042969,0.002839794325893876,0.0028398874310390583
2024-02-09 00:00:00+00:00,354.4678039550781,-0.0015670355546871769,-0.0015671596896121008
2024-02-12 00:00:00+00:00,356.7127990722656,0.006333424621752133,0.006333521545376904
2024-02-13 00:00:00+00:00,349.0407409667969,-0.021507661416753608,-0.021507772900792362
2024-02-14 00:00:00+00:00,349.66546630859375,0.0017898350205952122,0.0017898002041218828
2024-02-15 00:00:00+00:00,352.4472961425781,0.007955689371764552,0.007955714201863086
2024-02-16 00:00:00+00:00,353.6869201660156,0.0035171897671078334,0.003517280321477528
2024-02-20 00:00:00+00:00,353.90167236328125,0.0006071816203008677,0.0006071511439143605
2024-02-21 00:00:00+00:00,355.4244079589844,0.004302708109669603,0.004302610605070714
2024-02-22 00:00:00+00:00,362.4620056152344,0.01980054689170962,0.019800596925261645
2024-02-23 00:00:00+00:00,363.0671691894531,0.0016695917498761278,0.001669615778805988
2024-02-26 00:00:00+00:00,362.7157897949219,-0.0009678082304045941,-0.0009678066454251322
2024-02-27 00:00:00+00:00,366.58111572265625,0.010656624377780232,0.010656596851548492
2024-02-28 00:00:00+00:00,368.58209228515625,0.005458482384056783,0.005458482815782096
2024-02-29 00:00:00+00:00,371.5103454589844,0.007944643093410681,0.007944705162409674
2024-03-01 00:00:00+00:00,375.2585754394531,0.010089167169323319,0.0100891384967785
2024-03-04 00:00:00+00:00,371.276123046875,-0.010612555323790815,-0.010612607518000567
2024-03-05 00:00:00+00:00,369.40203857421875,-0.005047683802762722,-0.005047671832171531
2024-03-06 00:00:00+00:00,370.61962890625,0.003296111566494825,-0.0026688062704367777
2024-03-07 00:00:00+00:00,369.7456970214844,-0.0023580291398615865,-0.002358029468738322
2024-03-08 00:00:00+00:00,366.6035461425781,-0.008498140490120897,-0.008498159057735807
2024-03-11 00:00:00+00:00,364.80657958984375,-0.004901661676877248,-0.004901612588527336
2024-03-12 00:00:00+00:00,367.77203369140625,0.008128839411001287,0.008128821114760702
2024-03-13 00:00:00+00:00,372.1416015625,0.011881185818387185,0.01188119182978926
2024-03-14 00:00:00+00:00,368.48883056640625,-0.00981554059196007,-0.009815565889755035
2024-03-15 00:00:00+00:00,366.4856872558594,-0.005436103198753222,-0.005436027625618177
2024-03-18 00:00:00+00:00,365.1895751953125,-0.003536596668349571,-0.0035367127116342836
2024-03-19 00:00:00+00:00,372.55401611328125,0.020166076520749705,0.020166169035920743
2024-03-20 00:00:00+00:00,377.46368408203125,0.013178405697973026,0.013178355741122848
2024-03-21 00:00:00+00:00,388.0587158203125,0.028069009510273083,0.028069010801306124
2024-03-22 00:00:00+00:00,383.22760009765625,-0.012449445214608347,-0.012449426305070442
2024-03-25 00:00:00+00:00,376.5799255371094,-0.017346544348196415,-0.017346492351252414
2024-03-26 00:00:00+00:00,373.0646057128906,-0.009334857186571777,-0.00933487262048678
2024-03-27 00:00:00+00:00,378.91693115234375,0.015687163429159656,0.015687158391157398
2024-03-28 00:00:00+00:00,376.6683349609375,-0.005934272149222598,-0.00593435553653331
2024-04-01 00:00:00+00:00,361.379638671875,-0.04058927940053155,-0.040589173817732256
2024-04-02 00:00:00+00:00,356.4405212402344,-0.013667392689285515,-0.013667360802055988
2024-04-03 00:00:00+00:00,353.39654541015625,-0.008539926435655,-0.008539961717673898
2024-04-04 00:00:00+00:00,351.2166748046875,-0.006168341580528938,-0.00616838360197819
2024-04-05 00:00:00+00:00,351.40325927734375,0.00053125174868195,0.0005312079101345698
2024-04-08 00:00:00+00:00,355.5076904296875,0.0116801169140675,0.011680198767187724
2024-04-09 00:00:00+00:00,354.8891296386719,-0.001739936456136845,-0.0017400204018087513
2024-04-10 00:00:00+00:00,344.225341796875,-0.030048223377971996,-0.030048186225614414
2024-04-11 00:00:00+00:00,341.0929870605469,-0.009099721478892469,-0.009099733180118655
2024-04-12 00:00:00+00:00,336.6742858886719,-0.012954535389174224,-0.012954486752610558
2024-04-15 00:00:00+00:00,331.8235778808594,-0.014407717521428068,-0.014407800366777022
2024-04-16 00:00:00+00:00,328.7795715332031,-0.009173568578508894,-0.009173515730194008
2024-04-17 00:00:00+00:00,326.8157043457031,-0.005973203196116676,-0.005973180659457884
2024-04-18 00:00:00+00:00,326.8746643066406,0.00018040736768002008,0.00018035657420801963
2024-04-19 00:00:00+00:00,329.29998779296875,0.007419735302742622,0.0074197800908312505
2024-04-22 00:00:00+00:00,330.03643798828125,0.002236411243888375,0.002236402769441216
2024-04-23 00:00:00+00:00,332.874267578125,0.008598534171382961,0.00859841948883077
2024-04-24 00:00:00+00:00,326.99249267578125,-0.017669659313522358,-0.017669587712020648
2024-04-25 00:00:00+00:00,325.9811096191406,-0.003092985555614663,-0.0030929964538357153
2024-04-26 00:00:00+00:00,329.0348815917969,0.009367941523434037,0.00936798978445295
2024-04-29 00:00:00+00:00,330.7139892578125,0.005103129667871319,0.005103081183461656
2024-04-30 00:00:00+00:00,328.18060302734375,-0.007660354000005167,-0.00766029295063854
2024-05-01 00:00:00+00:00,325.9712829589844,-0.006732025134877627,-0.006732092609006384
2024-05-02 00:00:00+00:00,329.4669494628906,0.010723848040154185,0.010723853196081299
2024-05-03 00:00:00+00:00,336.6546630859375,0.021816190166462995,0.021816252945638
2024-05-06 00:00:00+00:00,336.10479736328125,-0.0016333227575579025,-0.0016333602118259018
2024-05-07 00:00:00+00:00,334.53369140625,-0.0046744526390473055,-0.004674416616240907
2024-05-08 00:00:00+00:00,332.7073059082031,-0.005459496442255063,-0.005459555184512703
2024-05-09 00:00:00+00:00,341.1617126464844,0.025410944058480926,0.0254110208964763
2024-05-10 00:00:00+00:00,340.16998291015625,-0.002906919796582703,-0.0029070048311300375
2024-05-13 00:00:00+00:00,334.7987976074219,-0.01578970977034438,-0.015789629467280044
2024-05-14 00:00:00+00:00,334.3471374511719,-0.0013490495171359824,-0.0013491068354239133
2024-05-15 00:00:00+00:00,342.3695068359375,0.023994132104502356,0.023994165720218428
2024-05-16 00:00:00+00:00,336.536865234375,-0.017036101303138207,-0.017036172348206192
2024-05-17 00:00:00+00:00,337.9900817871094,0.0043181496675625975,0.0043182108986920265
2024-05-20 00:00:00+00:00,331.7155456542969,-0.018564261115699417,-0.0185642029269604
2024-05-21 00:00:00+00:00,330.0757141113281,-0.004943487166796002,-0.0049435006557548246
2024-05-22 00:00:00+00:00,324.6161804199219,-0.016540246549507896,-0.016540228051605804
2024-05-23 00:00:00+00:00,320.9830627441406,-0.011192041231837141,-0.011192055810640544
2024-05-24 00:00:00+00:00,319.22540283203125,-0.005475864978927023,-0.005475874039306422
2024-05-28 00:00:00+00:00,322.7603759765625,0.011073596001980043,0.011073534407653443
2024-05-29 00:00:00+00:00,320.0207824707031,-0.008488010641239037,-0.00848800864407815
2024-05-30 00:00:00+00:00,325.47869873046875,0.017054880678773667,0.010033410993613042
2024-05-31 00:00:00+00:00,331.104736328125,0.017285424882183188,0.017285383583474635
2024-06-03 00:00:00+00:00,324.3218688964844,-0.02048556449799256,-0.020485518116252408
2024-06-04 00:00:00+00:00,324.5690612792969,0.0007621822840796399,0.0007621718623118667
2024-06-05 00:00:00+00:00,326.54656982421875,0.0060927204124985816,0.00609273119021712
2024-06-06 00:00:00+00:00,327.37713623046875,0.002543485318792652,0.0025434394508942926
2024-06-07 00:00:00+00:00,323.3529052734375,-0.012292339664790304,-0.012292380698254342
2024-06-10 00:00:00+00:00,328.8207092285156,0.016909710306930368,0.01690975996067233
2024-06-11 00:00:00+00:00,331.9451904296875,0.009502081570539101,0.009502055825438277
2024-06-12 00:00:00+00:00,340.2705383300781,0.02508048961219728,0.02508046406862437
2024-06-13 00:00:00+00:00,343.9684753417969,0.010867637938526374,0.010867641294766769
2024-06-14 00:00:00+00:00,342.94012451171875,-0.002989665925216741,-0.0029895611427055552
2024-06-17 00:00:00+00:00,345.57025146484375,0.007669347402465076,0.007669252941399545
2024-06-18 00:00:00+00:00,349.8910827636719,0.012503481652464232,0.012503562567060086
2024-06-20 00:00:00+00:00,349.4659423828125,-0.0012150649210643902,-0.0012151148210202273
2024-06-21 00:00:00+00:00,351.79937744140625,0.006677145826238069,0.0066771880241646995
2024-06-24 00:00:00+00:00,346.9347229003906,-0.01382792254038555,-0.013827945696892678
2024-06-25 00:00:00+00:00,334.5159606933594,-0.03579567390432936,-0.03579570617820915
2024-06-26 00:00:00+00:00,337.9765930175781,0.010345193446213487,0.010345235056246262
2024-06-27 00:00:00+00:00,337.6502685546875,-0.0009655238547056805,-0.0009654703726301381
2024-06-28 00:00:00+00:00,340.3693542480469,0.008052964699238729,0.008052944679615912
2024-07-01 00:00:00+00:00,332.4098815917969,-0.02338480993341566,-0.023384812983197955
2024-07-02 00:00:00+00:00,331.20361328125,-0.0036288581577974457,-0.0036289039288601574
2024-07-03 00:00:00+00:00,329.8885803222656,-0.003970466825395655,-0.003970464720479047
2024-07-05 00:00:00+00:00,330.8179931640625,0.0028173537892367743,0.00281732370986313
2024-07-08 00:00:00+00:00,335.78155517578125,0.015003905816142147,0.015003944445929167
2024-07-09 00:00:00+00:00,333.2997741699219,-0.007391058167445098,-0.007391076915528406
2024-07-10 00:00:00+00:00,340.31005859375,0.021032970818198524,0.021032947921669525
2024-07-11 00:00:00+00:00,349.81201171875,0.02792145834379551,0.027921483158939147
2024-07-12 00:00:00+00:00,355.7247619628906,0.016902650698268462,0.01690262676819123
2024-07-15 00:00:00+00:00,354.42950439453125,-0.0036411790992905264,-0.003641208546007899
2024-07-16 00:00:00+00:00,364.9696350097656,0.029738299110397104,0.02973833598231639
2024-07-17 00:00:00+00:00,367.70849609375,0.007504353297531424,0.007504387646002703
2024-07-18 00:00:00+00:00,361.96380615234375,-0.01562294589990001,-0.015622974124928649
2024-07-19 00:00:00+00:00,359.27435302734375,-0.007430171412961825,-0.007430073537128985
2024-07-22 00:00:00+00:00,359.1656188964844,-0.0003026492983513895,-0.0003026897732178342
2024-07-23 00:00:00+00:00,355.576416015625,-0.009993169423863546,-0.009993131129559532
2024-07-24 00:00:00+00:00,346.3711242675781,-0.025888364169918316,-0.025888431358106073
2024-07-25 00:00:00+00:00,349.317626953125,0.008506779229294666,0.008506782584272893
2024-07-26 00:00:00+00:00,355.4676818847656,0.017605910658685147,0.017605935832493924
2024-07-29 00:00:00+00:00,357.6033935546875,0.006008173960000738,0.0060081878207439736
2024-07-30 00:00:00+00:00,359.6006774902344,0.005585192902375058,0.005585171395680253
2024-07-31 00:00:00+00:00,364.0204162597656,0.012290685324560536,0.012290690397581887
2024-08-01 00:00:00+00:00,354.5481262207031,-0.02602131533277259,-0.026021341249866232
2024-08-02 00:00:00+00:00,351.4335632324219,-0.008784598642449069,-0.008784633873730005
2024-08-05 00:00:00+00:00,346.07452392578125,-0.015249082237192025,-0.015249087082812085
2024-08-06 00:00:00+00:00,349.9306640625,0.01114251373656656,0.011142521035600962
2024-08-07 00:00:00+00:00,338.550048828125,-0.0325224863184392,-0.03252241995570722
2024-08-08 00:00:00+00:00,344.42327880859375,0.01734818825399275,0.01734813828063926
2024-08-09 00:00:00+00:00,344.71990966796875,0.0008612392878933325,0.0008612801105270052
2024-08-12 00:00:00+00:00,341.9217224121094,-0.008117277759078566,-0.008117304299385971
2024-08-13 00:00:00+00:00,346.13385009765625,0.0123189824145484,0.012318931770916159
2024-08-14 00:00:00+00:00,351.6609802246094,0.015968187235642316,0.015968224129276596
2024-08-15 00:00:00+00:00,356.0213928222656,0.012399478028159994,0.012399492820955621
2024-08-16 00:00:00+00:00,357.989013671875,0.005526692747341895,0.005526675907174762
2024-08-19 00:00:00+00:00,358.9876403808594,0.0027895456867279584,0.0027896198763619163
2024-08-20 00:00:00+00:00,363.1404113769531,0.011568005493693228,0.011567966520854954
2024-08-21 00:00:00+00:00,366.2945556640625,0.008685743002684593,0.008685714969451261
2024-08-22 00:00:00+00:00,361.25189208984375,-0.013766689939130565,-0.013766685259274618
2024-08-23 00:00:00+00:00,371.36688232421875,0.027999826314707276,0.027999812230352597
2024-08-26 00:00:00+00:00,369.90350341796875,-0.003940520751584977,-0.003940496287863504
2024-08-27 00:00:00+00:00,368.9839782714844,-0.0024858514125652028,-0.0024858803886437506
2024-08-28 00:00:00+00:00,368.4994812011719,-0.0013130572025976301,-0.0013130131410895424
2024-08-29 00:00:00+00:00,365.1371765136719,-0.009124313218949812,-0.015106401690229511
2024-08-30 00:00:00+00:00,366.56964111328125,0.003923086148845594,0.003923071026491746
2024-09-03 00:00:00+00:00,362.829345703125,-0.010203505666199958,-0.010203554316485753
2024-09-04 00:00:00+00:00,362.7597351074219,-0.00019185492168012763,-0.00019185394668585484
2024-09-05 00:00:00+00:00,359.9544982910156,-0.007733043513154931,-0.007733038693562839
2024-09-06 00:00:00+00:00,358.1639099121094,-0.004974485351364041,-0.004974487440058071
2024-09-09 00:00:00+00:00,363.6052551269531,0.015192332516637463,0.015192338303448058
2024-09-10 00:00:00+00:00,368.9272155761719,0.014636643376786681,0.014636699125408197
2024-09-11 00:00:00+00:00,368.5492248535156,-0.0010245671956348441,-0.0010246309699236415
2024-09-12 00:00:00+00:00,372.46856689453125,0.010634514405974982,0.010634571905475157
2024-09-13 00:00:00+00:00,377.99945068359375,0.014849263214816817,0.01484923127781633
2024-09-16 00:00:00+00:00,380.0088806152344,0.005315959925356156,0.0053159809025602675
2024-09-17 00:00:00+00:00,381.232421875,0.0032197701742778004,0.00321975978981449
2024-09-18 00:00:00+00:00,381.9984130859375,0.0020092499141866173,0.0020092358597000415
2024-09-19 00:00:00+00:00,388.29522705078125,0.016483874668419544,0.016483910344235665
2024-09-20 00:00:00+00:00,387.8177490234375,-0.0012296778174955662,-0.0012297253441397595
2024-09-23 00:00:00+00:00,389.90673828125,0.0053865230848066555,0.005386564875648653
2024-09-24 00:00:00+00:00,398.5611877441406,0.022196203894911767,0.022196174090968017
2024-09-25 00:00:00+00:00,394.8507080078125,-0.009309686568653282,-0.00930966643097666
2024-09-26 00:00:00+00:00,394.6219482421875,-0.0005793576179189067,-0.0005793980626146629
2024-09-27 00:00:00+00:00,397.4371032714844,0.007133802470533537,0.007133820229853437
2024-09-30 00:00:00+00:00,403.077392578125,0.01419165261676088,0.014191708870568514
2024-10-01 00:00:00+00:00,406.9072265625,0.009501485458856878,0.00950142021212578
2024-10-02 00:00:00+00:00,409.10565185546875,0.005402767877928255,0.005402816376014175
2024-10-03 00:00:00+00:00,409.4239501953125,0.0007780345697991,0.0007780401669079816
2024-10-04 00:00:00+00:00,406.2208251953125,-0.007823492002536672,-0.007823512623925298
2024-10-07 00:00:00+00:00,405.92242431640625,-0.0007345779940326244,-0.0007346160342093424
2024-10-08 00:00:00+00:00,412.0103454589844,0.014997745327399663,0.01499778256580694
2024-10-09 00:00:00+00:00,413.8904724121094,0.004563300348758273,0.004563268824810177
2024-10-10 00:00:00+00:00,407.81243896484375,-0.014685125298592878,-0.014685066843521482
2024-10-11 00:00:00+00:00,409.7422790527344,0.004732175636400808,0.004732175045961353
2024-10-14 00:00:00+00:00,413.2438659667969,0.008545827689926627,0.00854581107892569
2024-10-15 00:00:00+00:00,413.40301513671875,0.00038512167518697603,0.00038508771691395316
2024-10-16 00:00:00+00:00,416.4171447753906,0.007291019969157835,0.007291012265264573
2024-10-17 00:00:00+00:00,413.42291259765625,-0.007190463253739037,-0.007190414355546237
2024-10-18 00:00:00+00:00,412.8260498046875,-0.001443709999570386,-0.001443710526236562
2024-10-21 00:00:00+00:00,404.2710876464844,-0.020722922311347772,-0.020722906273531627
2024-10-22 00:00:00+00:00,399.7449645996094,-0.011195762410872372,-0.01119583627289053
2024-10-23 00:00:00+00:00,397.5465393066406,-0.005499569694819611,-0.0054995431666332644
2024-10-24 00:00:00+00:00,400.5705871582031,0.0076067769495283,0.007606790901601814
2024-10-25 00:00:00+00:00,396.8203430175781,-0.009362255394812256,-0.009362245659687619
2024-10-28 00:00:00+00:00,400.7795104980469,0.009977229116737518,0.009977215286130886
2024-10-29 00:00:00+00:00,393.0004577636719,-0.0194098064661739,-0.01940978192532893
2024-10-30 00:00:00+00:00,390.46380615234375,-0.006454576734497146,-0.006454598585749318
2024-10-31 00:00:00+00:00,391.6873779296875,0.0031336368648375054,0.0031336263649117814
2024-11-01 00:00:00+00:00,390.533447265625,-0.0029460501641940685,-0.0029460410466269843
2024-11-04 00:00:00+00:00,393.4978332519531,0.007590607173556302,0.007590644219480614
2024-11-05 00:00:00+00:00,397.9941711425781,0.011426588689107306,0.011426521045533117
2024-11-06 00:00:00+00:00,386.3355407714844,-0.029293470147122184,-0.029293412302179023
2024-11-07 00:00:00+00:00,397.3475646972656,0.02850378172246599,0.028503765644610275
2024-11-08 00:00:00+00:00,403.7737121582031,0.016172610660980156,0.016172620207275657
2024-11-11 00:00:00+00:00,406.1512145996094,0.005888205125336931,0.005888185967913612
2024-11-12 00:00:00+00:00,400.9684753417969,-0.012760614942200113,-0.01276059140223369
2024-11-13 00:00:00+00:00,408.041259765625,0.01763925310536965,0.017639218284200068
2024-11-14 00:00:00+00:00,403.59466552734375,-0.010897413268538901,-0.010897391925932285
2024-11-15 00:00:00+00:00,406.0417785644531,0.006063293809673958,0.006063273803797367
2024-11-18 00:00:00+00:00,408.2899475097656,0.00553679218247153,0.005536797016457721
2024-11-19 00:00:00+00:00,404.66900634765625,-0.008868553301873219,-0.008868566969071545
2024-11-20 00:00:00+00:00,397.9046325683594,-0.016715818788171577,-0.016715801369270058
2024-11-21 00:00:00+00:00,408.2998962402344,0.02612501293281402,0.026125030517578127
2024-11-22 00:00:00+00:00,417.79986572265625,0.023267136655925842,0.02326711538298537
2024-11-25 00:00:00+00:00,426.4244689941406,0.020642905800284665,0.020642889113653275
2024-11-26 00:00:00+00:00,427.2699890136719,0.0019828130912038916,0.001982820256404032
2024-11-27 00:00:00+00:00,427.19000244140625,-0.00018720381567230917,-0.005424628962242454
2024-11-29 00:00:00+00:00,429.1300048828125,0.004541310494906403,0.004541310494906403
2024-12-02 00:00:00+00:00,426.9599914550781,-0.00505677394505883,-0.00505677394505883
2024-12-03 00:00:00+00:00,429.3500061035156,0.0055977484922939465,0.0055977484922939465
